_1,_2
Java,1042
SQL,1028
Python,998
HTML,797
Linux,756
C++,744
CSS,737
前端开发,683
JavaScript,673
分布式技术,645
C,581
MySQL,535
网络协议,522
后端开发,493
游戏引擎,480
电路设计,439
移动端,416
深度学习算法,411
Oracle,379
嵌入式技术,369
Android,347
视觉图像算法,326
单片机开发,320
Shell,318
计算机软件,314
游戏,314
数据分析,308
大数据,300
功能测试,298
性能测试,297
实施工程师/顾问,289
游戏开发,287
PHP,284
软件测试,283
自动化测试,281
.NET,273
微服务架构,270
Spring,262
多线程,259
小程序,251
架构师,247
人工智能,243
服务器配置,240
PCB设计,234
HTML5,233
Hadoop,219
React,217
MVC开发,215
Vue,213
Redis,212
数据结构,210
算法设计,209
Web端,205
项目管理,203
C语言,203
CSS3,197
技术沟通,196
Windows,194
容器技术,192
数据仓库,187
Objective-C,187
测试工程师,186
网络运维,184
系统运维,182
CAD,180
Spark,177
TypeScript,177
网络安全,174
C/C++,174
软件实施,168
售后支持,166
IT服务,161
电气工程师,156
全栈开发,156
售前支持,155
驱动开发,154
ERP,152
物联网,150
U3D开发,144
Node.js,140
SDK,140
Go,139
Swift,139
测试,138
解决方案,138
ETL,137
SQL Server,136
IOS,133
Socket技术,133
数据挖掘,133
Javascript,133
硬件,129
BI,128
智能硬件,127
PLC工程师,127
项目经理,126
Excel,125
安全运维,125
电气,121
数据库,120
软件工程师,115
Lua,113
机器学习算法,112
技术管理,112
通信,112
嵌入式软件开发,107
自然语言处理,106
售前工程师,106
产品咨询,104
自动化运维,101
运维,101
网络设备,100
GIT,100
接口测试,98
硬件工程师,98
电子半导体,97
信息化,97
ES6,97
网络爬虫技术,97
项目实施,95
网络编程,95
系统架构,92
音视频编解码,90
管理系统,89
硬件测试,89
ARM开发,88
云计算,87
ASP.NET,86
机器人,85
系统测试,85
运维工程师,84
IT项目管理,84
系统调试,84
HIVE,83
NoSQL,83
Kafka,83
IT技术支持,82
SaaS,82
电子工程师,81
虚拟机技术,81
技术支持,80
需求分析,80
项目专员,80
项目助理,79
信息安全,77
负载均衡技术,77
Flink,75
实施,72
iOS,72
推荐算法,70
WEB开发,68
Cocos2d-x,66
Framework,66
自动化技术,66
需求分析评估,65
Kotlin,65
EMC测试,64
系统集成,63
测试开发,63
PC端,62
高级技术管理,62
售后工程师,62
TensorFlow,61
QT,61
CocosCreator,60
游戏测试,60
SpringBoot,60
售前技术支持,59
MongoDB,59
FPGA开发,59
Xcode,59
Scala,58
需求采集,58
Flutter,57
数据库开发,56
JQuery,56
Shader,56
消息队列,55
PCB工艺,55
Cocos2dx开发,54
渗透测试,54
算法,54
需求分析工程师,53
运维开发,53
ThinkPHP,52
项目申报,52
Kettle,51
SPSS,51
流媒体技术,51
运维管理,50
嵌入式硬件开发,50
web端测试,50
机器学习,49
Jmeter,48
Unity3D,47
芯片设计,47
桌面运维,47
数据开发,47
Cocos2d-X,46
运维通信资格证书,46
数据采集,46
机房运维,46
SpringMVC,46
Dubbo,45
系统集成工程师,45
项目主管,44
DSP开发,43
python,43
售前,43
语音算法,42
AndroidStudio,42
电子元器件工程师,42
网络,42
产品开发,42
电控工程师,41
单片机,41
SAS,41
图形图像处理,41
Hibernate,41
政府项目申报,40
嵌入式,40
Laravel,40
射频开发,40
网络交换技术,40
DBA,39
APP测试,39
JS,38
HTML/CSS,38
OpenGL,38
机械设备,37
运动控制算法,37
区块链,37
算法基础,37
需求调研,35
自动化,35
深度学习,35
SpringCloud,35
手游测试,34
移动端测试,34
OpenCV,34
压力测试,34
工程管理,34
CCNP证书,34
服务端开发,33
项目招投标,33
Docker,33
硬件开发,33
产品设计,33
万用表,33
黑盒测试,33
Verilog,33
环保,32
UE4开发,32
HDFS,32
示波器,32
电力,32
javascript,32
java,32
Unix,31
PADS,31
EMC设计,30
售后技术支持,30
系统管理员,30
仪器仪表,30
供应链,30
数据治理,30
Nginx,30
vue.js,29
搜索算法,29
vue,29
硬件集成调试,29
Hbase,29
安全测试,29
html,29
信息安全认证,29
CTO,29
过程管理,29
文档,29
Django,28
搜索引擎技术,28
Winform,28
Perl,28
FineReport（帆软）,28
地图导航,28
器件选型,28
多进程,27
css3,27
运维监控,27
招投标,27
Golang,27
U3D,27
人脸识别,27
Yii,27
Protel,27
科技项目申报,27
R,27
iOS SDK,26
javascrpt,26
MVVM,26
网络工程师证,26
电机工程师,26
Struts,26
Flask,26
CCIE证书,26
网络维护,25
图像处理,25
react,25
IT支持,25
电气设计,25
安防监控,25
售后,25
应用运维,24
SolidWorks,24
Web前端,24
消费电子,24
产品验收,24
服务器端开发,24
移动开发,23
node.js,23
视频,23
Hive,23
教育培训,23
银行,23
.NET Core,23
英语,23
故障处理,23
项目总监,23
硬件实施,22
SVN,22
实施工程师,22
产品内部评审,22
AJAX,22
汇编语言,21
车联网,21
商业分析,21
互联网医疗,21
SSM,21
接口自动化测试,21
非标机械,21
NGUI,21
linux,21
客户端开发,21
PMO,21
手机测试,20
cocos,20
宽带装维,20
智慧城市,20
知识产权业务,20
动画动漫,20
DB2,20
Cadence,20
企业软件系统,20
咨询领域,20
ASP,20
Angular,20
Vue.js,20
mysql,20
CCNA证书,20
仪器仪表工程师,19
MapReduce,19
机器视觉,19
SQLite,19
可靠性测试,19
Unity,19
Sqoop,19
Tableau,19
Storm,19
安卓,18
CRM,18
Bootstrap,18
PyTorch,18
WPF,18
css,18
golang,18
Android SDK,18
DIV+CSS,18
PLC,18
电气布线,18
VB,18
交换机配置,18
电子工艺工程师,17
白盒测试,17
机电工程师,17
Ansible,17
oracle,17
技术总监,17
Less,17
PostgreSQL,17
SSH,17
CDN,17
unity,17
Postman,17
jquery,17
Cocoa,16
电子,16
系统集成技术,16
c++,16
Impala,16
广告算法,16
Jenkins,16
Power BI,16
建筑施工,16
IM通讯,16
ProE,16
HALCON,16
UGUI,16
Datastage,16
禅道,16
团队管理,16
UI自动化测试,16
PMP,15
汽车,15
需求管理,15
Layout工程师,15
售前技术,15
RTOS,15
MFC,15
LoadRunner,15
Matlab,15
数据处理,15
数据架构,15
软件需求分析,15
VC++,15
Memcached,15
Flume,15
原型设计,15
整机测试,15
项目验收,14
UE4,14
软件应用培训,14
漏洞挖掘,14
LED灯具照明,14
需求确认,14
MVP,14
web测试,14
数据库运维,14
爬虫工程师,14
软件开发,14
lua,14
.NET MVC,14
Selenium,14
GIS系统,14
Layout设计,14
ios,14
Kubernetes,14
电子商务,14
Android测试,13
EF,13
相关分析,13
渲染,13
php,13
shell,13
nodejs,13
Python工程师,13
数据架构师,13
typescript,13
SAP,13
电气工程师证,13
VMware,13
商业智能,13
音视频开发,13
VUE,13
.net,13
安全设备,13
实施顾问,13
objective-c,13
方案设计,12
FFmpeg,12
Informatica,12
ARM,12
DevOps,12
MES,12
助理,12
金融,12
服务端测试,12
Caffe,12
Koa,12
交接现场培训,12
GO,12
支付,12
Delphi,12
智能驾驶,12
小程序开发,12
Pandas,12
数据安全,12
CNN,12
Visual Studio,12
中级软件工程师,12
Zookeeper,12
软件,11
智能化,11
客户端,11
SQLServer,11
功能性测试,11
web,11
Netty,11
JAVA,11
SmartBI,11
敏捷管理,11
ReactNative,11
erlang,11
弱电,11
PLC程序设计,11
android,11
erp,11
烙铁,11
研发,10
高级软件工程师,10
通信工程师,10
K8S,10
系统分析,10
MES系统,10
项目,10
Tomcat,10
移动通信,10
文员,10
性能优化,10
全栈,10
Android UI,10
数据建模,10
投标,10
光通信,10
半导体技术,10
SRE,10
路由器配置,10
售后服务,10
R语言,10
AD,10
售后技术服务,10
需求挖掘,10
存储,10
React.JS,10
Kylin,10
回归分析,10
ERP系统管理,10
egret,10
Zabbix,9
芯片测试,9
运营,9
全职兼职均可,9
报表开发,9
跨境电商,9
安全,9
政府项目,9
Tornado,9
项目工程师,9
数据,9
WMS,9
Altium Designer,9
数据运营,9
STL,9
VHDL,9
客服,9
TCP/IP,9
mes,9
u3d,9
Keil,9
调试,9
装饰装修,9
无线通信,9
图像识别,9
PCB,8
算法工程师,8
go,8
Eclipse,8
IC验证,8
AI,8
Appium,8
android测试,8
cocos2dx,8
5G,8
页游测试,8
技术经理,8
halcon,8
SLAM,8
cocoscreator,8
统计学,8
网络自动化,8
金融测试,8
方案编写,8
方差分析,8
微服务,8
OpenStack,8
敏捷,8
知识图谱,8
描述统计,8
安装调试,8
redis,8
ES5,8
逆向,8
HFSS,8
angular,8
视频算法,8
bootstrap,8
Streaming,8
信息系统管理,8
weex,8
H5,8
MVC,7
通信接口/总线,7
spark,7
工程咨询,7
组态,7
图像算法,7
雷达,7
图形学,7
多元统计分析,7
五险一金,7
平台架构,7
技术,7
现场调试,7
ue4,7
售前方案,7
AngularJS,7
web自动化,7
ArcGIS,7
代码审计,7
开发,7
UI,7
NDK,7
ajax,7
Druid,7
Sass,7
设备维护,7
SDK开发,7
上位机,7
OA,7
逆向分析,7
架构设计,7
eplan,7
sdk,7
光学工程师,7
OA系统管理,7
风控,7
集成平台,7
新能源,7
电商,7
无线开发,7
软件系统,7
服装纺织,7
开发软件调试维护,7
c,7
计算机,7
网络系统管理,7
通信项目管理,7
方案,7
政府,7
封装格式,7
智能制造,6
带薪年假,6
ceph,6
集群运维,6
培训,6
Express,6
Gis开发,6
运维架构师,6
半导体,6
游戏数据分析,6
TP框架,6
直播,6
unity3d,6
设备调试,6
docker,6
化工,6
硬件产品,6
智能家居,6
电工,6
故障排查,6
售后维修,6
opencv,6
数据需求分析,6
医疗器械,6
安规测试,6
APP,6
芯片开发,6
CI/CD,6
安装,6
微信小程序,6
决策树,6
ELK,6
通信设备装维,6
封装工程师,6
电子硬件,6
NLP,6
维修,6
springboot,6
HIS系统,6
操作系统安装调试,6
基站维护,6
服务器系统,6
HMI,6
水处理,6
系统,6
全职,6
LSP,6
canvas,6
汽车维修,6
Unreal,6
研发助理,6
活动策划,6
excel,6
PM,6
FreeRTOS,6
kettle,6
虚拟化运维,6
springcloud,6
Mysql,6
WCF,6
测试仪器,6
机械工程师,6
laya,6
ADO.NET,6
蓝牙,6
3D,6
Web安全,6
Android Studio,6
项目跟进,6
Webpack,6
openstack,6
Laya,6
结构设计,6
Flash,6
creator,6
ios测试,6
消费金融,6
XML,6
ABAP,6
汽车电子,5
初级软件工程师,5
云计算架构,5
信号发生器,5
研发总监,5
电磁兼容设计,5
数据统计,5
环评,5
存储过程,5
VR,5
商城,5
售前顾问,5
金蝶,5
机电,5
h5,5
游戏运营,5
销售支持,5
IT系统,5
电工证,5
弱电系统,5
安防系统,5
客户服务,5
PLM,5
Creator,5
APP开发,5
高并发测试,5
无,5
shader,5
gis,5
大数据架构,5
SCADA,5
音频,5
元器件,5
物流配送,5
Project,5
BO,5
现场管理,5
CRM系统管理,5
机械,5
json,5
大数据运维,5
零售,5
Yarn,5
频谱仪,5
客户成功,5
前端,5
etl,5
五险,5
网络规划设计,5
BootStrap,5
数据库系统,5
测试管理,5
ISP,5
传感器,5
小程序测试,5
大数据开发,5
聚类分析,5
web平台,5
密码算法,5
充电桩,5
办公协同,5
Android开发,5
产品,5
硬件维护,5
数据模型,5
技术员,5
手游,5
光缆通信,5
数据通信,5
车载领域,5
iOS测试,5
plc,5
财务,5
UiAutomator,5
ORCAD,5
JSON,5
报表需求分析,5
xcode,5
光学,5
游戏客户端,4
仿真调试,4
办公系统,4
电源,4
运动控制,4
企业级应用开发,4
广告,4
HR系统管理,4
Apache,4
ROS,4
蓝牙/Wi-Fi,4
义齿,4
Gradle,4
底层驱动,4
机器人算法,4
售后技术,4
Instruments,4
Android NDK,4
工程师,4
图形,4
部门助理,4
电子组装,4
售后安装,4
hook,4
智能锁,4
web前端,4
售后专员,4
机电一体化,4
AR,4
商务接待,4
magento,4
需求说明,4
工业互联网,4
数通,4
nova,4
防火墙,4
化学,4
安卓开发,4
响应式,4
GIS,4
HBase,4
数字化,4
世界级大数据平台,4
PhoneGap,4
架构,4
装饰建材,4
ACID,4
node平台,4
app测试,4
三维,4
c语言,4
家电,4
分布式系统,4
ADS,4
Gin,4
经理,4
方案撰写,4
电力电子,4
系统开发,4
电气安装,4
贴面,4
CocoaPods,4
数据平台,4
3D引擎,4
cocoa,4
移动端自动化测试,4
PPT,4
等级保护,4
设计,4
CORTEX,4
报表系统,4
VBA,4
文本分类,4
服务端,4
LNMP,4
音视频系统,4
焊接,4
js,4
perl,4
设备安装,4
自动化系统,4
PC端网站开发,4
项目开发,4
标书,4
流程管理,4
物流,4
商业数据分析,4
安卓应用,4
海外,4
爬虫,4
abap,4
layout,4
Scrapy,4
视觉设计,4
服务器,4
IDEA,4
DirectX,4
PC测试,4
网络监控,4
材料,4
特效,4
安防,4
环境工程,4
方案解决,4
文案,4
产品培训,4
消息中间件,4
工艺设计,4
存储运维,4
医疗行业,4
部品,4
Maven,4
EXCEL,4
Robotium,4
虚拟化,4
工艺,4
sqlserver,4
STM32,4
CAP,4
测绘,4
飞思卡尔,4
检验,4
Stata,4
OCR,4
反爬,4
hybird,4
sql,4
MATLAB,4
监控,4
室分设计,4
功能调试,4
windows自动化,3
前后端开发,3
Keras,3
私有云,3
EBS,3
FPGA,3
PowerPCB,3
OPAMP,3
研发项目管理,3
cocos2dx开发,3
引擎开发,3
项目专员/助理,3
windows,3
Ariba,3
华为云,3
智能锁设计,3
平台开发,3
汽车项目管理,3
VisionPro,3
maya,3
大数据测试,3
空调,3
P2P,3
webrtc,3
SuperMap,3
环境测试,3
hadoop,3
数据产品,3
congnos,3
华为全资子公司慧通,3
EAS,3
Erlang,3
智能门锁,3
版图设计工程师,3
cs,3
视频监控,3
产品助理,3
pcb,3
光伏系统,3
电商中台,3
医疗卫生,3
内核,3
arcgis,3
KVM,3
导航,3
售前咨询,3
uniapp,3
Hybrid开发,3
K8s,3
音效,3
顾问,3
共识机制,3
光学设计,3
三维重建,3
帆软,3
视频会议,3
网络管理,3
TCP协议,3
外贸,3
运营商,3
电源工程师,3
物流管理,3
ADC,3
污水处理,3
跟单,3
固废,3
centos,3
游戏客户端开发,3
Python算法工程师,3
技术培训,3
软件项目管理,3
NPI,3
环境,3
光电,3
非标自动化设备,3
公有云,3
光纤研发,3
串口,3
弱电工程,3
综合布线,3
智能家居设计,3
信号处理,3
活跃度,3
二维码,3
matlab,3
图形算法,3
智慧交通,3
DAC,3
技术方案编写,3
gRPC,3
弱电工程师,3
ISO,3
家具,3
数据模型设计,3
uni-app,3
电子/半导体,3
js逆向,3
Dlib,3
Charles,3
OC,3
配置管理,3
orcad,3
点播,3
商务,3
AGV,3
锂电池,3
参数检验,3
netcore,3
OpenCL,3
Presto,3
agv,3
IDA,3
CocoStudio,3
基因工程,3
高分子材料,3
SD-WAN,3
应届,3
AutoCAD,3
系统架构设计,3
财务软件,3
实习生,3
应届生,3
华为,3
html5,3
地理信息,3
超声波,3
MacOS,3
LINUX,3
实验室技术员,3
安全服务,3
病毒分析,3
英文,3
Oracle EBS,3
应用系统管理,3
抗原,3
Emptoris,3
生物工程,3
瑞萨,3
Greenplum,3
采购,3
应用系统,3
下位机,3
Azure,3
APM,3
服务器运维,3
反欺诈,3
网络测试,3
情感分析,3
卡牌游戏,3
工商管理,3
TA,3
IDC维护,3
会展,3
音视频,3
软件售前,3
WebGL,3
语音识别,3
集成电路,3
MSSQL,3
Monkey,3
IT咨询顾问,3
产品经理,3
python爬虫,3
swift,3
智能化项目,3
漏洞扫描,3
水电安装,3
X86,3
光伏,3
临床,3
白鹭,3
规划,3
细胞工程,3
云存储,3
卫浴,3
项目交付,3
业务系统,3
助理工程师,3
给排水,3
高并发,3
医疗软件,3
delphi,3
selenium,3
图像特征,3
wms,3
软件安装,3
Beego,3
人机界面,3
互联网,3
互联网金融,3
IT,3
视频编解码,3
android framework,3
暖通,3
电子元器件,3
kotlin,3
思科,3
增购,3
Visio,3
DevSecOps,3
UIKit,3
NodeJS,3
音频编解码,3
热风枪,3
OD,3
交付,3
引擎,3
智慧物流,3
电控设计,3
地产开发,3
Metal,3
AIX,3
营销,3
FAE,3
通信项目经理,3
生物,3
DataX,3
摄像头,3
Windows系统,3
物流系统,3
网络工程师,3
企业软件,3
STM,3
标书制作,3
Ubuntu,3
几何算法,3
设备运维,3
实施运维,3
仿真计划,3
销售,3
建筑建材,3
browser,3
存储系统,3
Cisco,3
数据分析师,3
Cesium,3
知识产权,3
MMORPG游戏,3
照明设计,3
Socket,3
数仓,3
光路设计,3
监管,3
ERP实施,3
git,3
xgboost,3
咨询,3
模拟电路,3
业务系统管理,3
续费,3
Office,3
太阳能并网系统,3
BOM,3
数据监控,3
系统实施,3
电器维修,3
电路调试,3
机电维修,3
逆向开发,3
caffe,3
售后管理,3
技术服务,2
EDA,2
影视特效,2
箱包,2
应用开发,2
MySQL、Mong,2
沟通能力,2
PowerBI,2
自动化设备,2
日语,2
网络搭建,2
OS系统,2
dba,2
UG,2
数据库设计,2
智能照明,2
接口联调,2
统筹技术管理,2
Electron,2
Halcon,2
Android平台,2
zencart,2
数据清洗,2
中控编程,2
专业服务,2
cocos crea,2
射频测试,2
软件技术支持,2
UiPath,2
C/C++，,2
模拟IC设计,2
仿真器,2
环保项目,2
ZigBee,2
维修工,2
python语言,2
SD,2
网站架构,2
项目管理工程师,2
OSPF,2
软装,2
有线传输工程师,2
wpf框架,2
民生服务,2
Dalvik,2
端游测试,2
业务模型,2
应用支持,2
文案撰写,2
启明星辰,2
电源测试,2
数据发掘,2
废水 废气,2
特种设备,2
MyBat is,2
PID,2
仓储,2
注塑,2
政务软件,2
SPC,2
编程教学,2
CAP/ACID,2
报表制作,2
安装工,2
文控,2
HMI程序设计,2
电梯管理,2
angularjs,2
政企,2
LQR,2
FANUC/ABB/,2
收发文,2
软包,2
售后经理,2
交通运输,2
产品文案,2
高通,2
等保,2
机器人系统,2
制造业,2
后勤,2
云业务,2
产品测试,2
决策树算法,2
Go语言,2
Egg.js,2
动作游戏,2
装配工艺,2
AB实验,2
Axure,2
scala,2
powerBI,2
nosql,2
界面优化,2
CUDA,2
UI常用布局,2
企划,2
OCM,2
项目流程跟进,2
自然语音处理,2
CV,2
研发主管,2
工控系统设计,2
负载测试,2
TCL,2
物管,2
句法分析,2
Pig,2
家居,2
社会工作,2
st语言,2
AndroidSDK,2
辊压,2
PPT制作,2
MPC,2
触控程序,2
cocos creator,2
GPU,2
IoT项目管理,2
服装跟单,2
用友,2
cocos creator，unity 3D,2
业务咨询,2
计算机视觉,2
Zepto,2
APP汉化,2
云平台,2
随机森林,2
界面设计,2
DFMEA,2
Teradata,2
Carsim,2
编译,2
算法开发,2
算法建模,2
APP自动化,2
CAM350,2
JPA,2
cocos2d,2
Cocos2D-JS,2
自动驾驶,2
导航定位算法,2
cognos,2
Photoshop,2
SmartBI,2
Socket/HTT,2
可行性分析,2
实体识别,2
物流规划,2
店铺推广,2
协调沟通,2
泵产品技术交流,2
COCOS2D,2
监管报送,2
IoT方案设计,2
风控建模,2
自动控制,2
数据中心,2
地图引擎,2
评价,2
出差,2
机械设计,2
薄膜，CVD,2
网关,2
机械手,2
live555,2
TS,2
市场,2
产品研发,2
电子测试,2
网络工程,2
逻辑能力,2
KNN,2
eclips,2
亚马逊,2
情报分析,2
网络安全运维,2
机器人编程,2
服装/纺织设计,2
环保工程,2
信度分析,2
CIM,2
有线传输,2
webgl,2
开源框架,2
数据标注,2
javaagent,2
sdn,2
材料撰写,2
高新,2
tomcat,2
跨平台开发（H5）,2
HAL,2
自动化工程师,2
系统设计,2
市场销售跟进,2
冒险游戏,2
IC,2
编程,2
服务,2
软件调试,2
项目支持,2
MTK,2
研发总监、技术总监,2
有些客户端,2
装配调试,2
体系,2
销售售后,2
Linux运维,2
茶饮,2
音视频会议,2
OrCAD,2
稳定性测试,2
建模,2
自动化电气工程师,2
AltiumDesigner,2
年终奖,2
售前方案工程师,2
订单管理,2
grafana,2
政府信息化项目,2
实施部署,2
人物跟踪,2
信贷,2
2d-js,2
餐饮连锁,2
设备维护支持,2
交换,2
专用通信,2
遥感,2
Openjump,2
labview,2
qt,2
视觉调试,2
客户关系维护,2
服装工艺,2
HTTP,2
项目分析,2
多媒体设备,2
pytorch,2
录像产品经验,2
客户顾问,2
医疗信息化,2
WEB,2
易语言,2
J2EE,2
AI应用,2
服装行业经验,2
语音,2
外设检修,2
创新医疗器械,2
需求方案交流投标,2
打样/制版,2
政策申报,2
渲染技术,2
MYsQL,2
汽车配件销售,2
游戏兼容测试,2
天正电气,2
绝缘体,2
产品分析,2
ESB接口开发,2
Linux系统,2
Power Auto,2
cocos ceator,2
APP后台开发,2
运动控制卡,2
门店管理,2
报表,2
天线设计,2
维护,2
图像预处理,2
水利/港口工程师,2
教育软件,2
服装研发,2
电子设计,2
淘宝售后,2
综合维修,2
hybird app,2
天线工程师,2
springBoot,2
科技项目服务,2
技术设计师,2
opengl,2
游戏汉化,2
SAP系统管理,2
项目进度,2
部件选型,2
物业服务,2
server端测试,2
行业顾问,2
售后主管,2
文案能力,2
游戏服务端,2
智慧家居,2
电路,2
粒子滤波,2
医学,2
包吃包住,2
autojs,2
Oracle Dev,2
电芯,2
SEO,2
云台控制,2
Uniapp,2
接线,2
"ProE,CAD,SOLIDWORK",2
仿真应用工程师,2
无线,2
MCSE,2
cad,2
暖通，技术支持,2
叉车维修,2
涂布,2
PostGIS,2
建筑智能化,2
webservice,2
HAL层,2
zigbee,2
requirejs,2
毫米波雷达,2
有机固废,2
继电器,2
食品饮料研发,2
指导版图设计,2
应用原理研究,2
数据中台,2
IOS开发,2
pomelo,2
产品运营,2
图形识别,2
创客教室,2
交换机,2
CRM系统,2
渠道开发,2
应用,2
WinDbg,2
ODS,2
手机维修,2
研发工程师,2
nginx,2
protel,2
app开发经验,2
运营专员,2
微信小游戏,2
数控系统,2
办公软件,2
webgis,2
数据工具,2
客户交流,2
数据可视化,2
游戏分析,2
高频电子电路,2
JS/TS,2
技术部,2
NNIE,2
Unity框架,2
设备加电测试,2
BBA,2
影视,2
wifi,2
SystemC,2
自动布局布线,2
现场运维,2
生产制造,2
会员,2
双休,2
NPI工程师,2
电站,2
BW,2
Lucene,2
开关电源,2
金融设备,2
axure,2
模具设计,2
商品专员,2
接口开发,2
特征工程,2
实时战斗,2
mySQL,2
计算机图形学,2
"Android,",2
设备维护安装,2
PPT演讲,2
Android应用,2
管理,2
架构框架,2
特征选择,2
市场部,2
物料计划管理,2
模组,2
音视频性能优,2
路由器,2
ActionScript,2
服装开发,2
Labview,2
ＥＲＰ,2
MSF,2
售前总监,2
底层框架开发,2
有驾照,2
element-ui,2
专案,2
工业视觉应用,2
Saas,2
需求沟通,2
XSLT,2
sdk开发,2
安卓、IOS客户端,2
DM,2
绿盟,2
售前客服,2
索赔,2
商品数据分析,2
Cocos,2
数据标准,2
电气设备维修,2
Makefile,2
tunning,2
会计,2
多媒体互动,2
非线性优化等算法,2
后端,2
SDN,2
数据收集分析,2
分布式,2
电路图,2
政府关系,2
vant,2
区域服务,2
SfM,2
政策研究,2
员工关系,2
Rust,2
vb6.0,2
python工程师,2
安卓工程师,2
ArchiCAD,2
Mongodb,2
文件管理系统,2
CCTV,2
照明,2
项目执行,2
NLP算法,2
报价 技术支持 投标,2
新品导入,2
Canvas,2
全勤奖,2
模切,2
生物信息,2
橡塑制品,2
原理图,2
分布式视频编解码系统,2
地图编译,2
Dijkstra,2
DW,2
Twisted,2
数据预测,2
智慧医疗,2
tcl,2
ICT行业,2
射频,2
计划,2
电子信息工程,2
检测认证,2
移动通信工程师,2
智能客服,2
DNS,2
模拟电路架构设计,2
企业服务,2
大数据平台建设,2
云原生,2
容灾备份,2
finereport,2
算法结构,2
项目售前,2
储备干部,2
废水,2
热爱游戏,2
可靠性,2
建筑材料；研究院院长；现代建筑；建筑科技,2
需求设计,2
硬件技术，技术管理,2
gcn,2
施工,2
会议纪要,2
技术实施,2
3dmax,2
建筑设计,2
大数据可视化,2
售后维护工程师,2
仓库体系架构,2
行驶路线,2
Web自动化,2
Tensorflow,2
RHCA,2
HR,2
IM,2
团队绩效,2
COCOS2DX,2
活动执行,2
图像数据采集,2
gnn,2
芯片,2
CCD,2
数据整理,2
设备调试维护,2
socket,2
CCIE,2
半导体工程师,2
GD,2
音频算法,2
EMC,2
补充医疗保险,2
深信服,2
FFMpeg,2
xml,2
powerbuild,2
售前主管,2
电路工程师,2
流媒体,2
FPC,2
光伏行业 支架设计 项目方案,2
Sql Server,2
电子研发,2
WebDriver,2
服务，安装，,2
C1驾驶证,2
his,2
yolov,2
视讯,2
有责任心,2
电子主管,2
FICO,2
SRM,2
五金设备开发,2
CocosBuilder,2
营销支持,2
工具开发,2
网络故障排查,2
电机,2
售前方案解决,2
电动汽车,2
市场分析,2
安全体系,2
教育行业,2
音响,2
负载均衡,2
WLAN,2
技术主管,2
解决方案经理,2
智能软件,2
图形界面开发,2
Clickhouse,2
助理技术工程师,2
高新申报,2
大数据算法,2
能源,2
逻辑分析仪,2
计算,2
JNI,2
安全咨询,2
WINDOWS,2
电气开发,2
编辑,2
微服务治理,2
网络运维开发,2
OMS,2
CXO,2
Hook,2
渠道经理,2
硬件系统,2
系统工程师,2
数据，人效,2
交通规划设计,2
结果输出,2
失效分析工程师,2
TENSORFLOW,2
调音师,2
Web测试,2
API,2
大数据产品,2
网络布线,2
机电工程,2
公安,2
注液,2
数据抓取,2
物理,2
文化项目,2
cisp,2
商标专利版权,2
可研,2
单板开发,2
售前咨询服务,2
8D,2
售前解决方案,2
LCD,2
IT咨询,2
电商产品,2
MCU,2
灯带；材料工艺；结构,2
cocos2d-x,2
Andriod,2
IC设计/应用工程师,2
电商行业,2
数据资产,2
2D/3D,2
iOS系统,2
汽车电气系统,2
电商经验,2
软硬一体机,2
通信测试,2
语义分析,2
专利撰写,2
iOS开发,2
CMOS,2
架构部署,2
Multisim,2
测试经理,2
地图制图,2
EHR,2
Hal,2
需求计划,2
bi,2
Kernel,2
云桌面,2
Elasticsearch,2
.net core,2
算法数据分析,2
搅拌,2
nodeJS,2
安装调试技术,2
开发经理,2
从事PCO行业,2
配电,2
web安全,2
opencart,2
解决方案工程师,2
技术分析,2
计算机专业,2
文案功底,2
Ue4,2
BSP,2
BLE,2
系统安全,2
oa,2
MFC QT,2
投标支持,2
ElasticSearch,2
建筑机电设计师,2
libvirt,2
产品项目,2
原理图设计,2
感知,2
C/C++语言,2
tp5,2
汽车后市场,2
web端,2
方案设计、投标方案编,2
公安通信,2
android自动化,2
LED,2
CCNP,2
安全攻防,2
老师,2
Layout,2
用户体验,2
智慧照明,2
银行测试,2
售前技术解决方案,2
数据资产管理,2
小家电,2
HBuilder,2
服务端后端开发,2
tensorflow,2
仓管,2
数字电路,2
NGui,2
Cmake,2
4G,2
word,2
客户端主程,2
金融保险,2
撰写方案,2
角色扮演游戏,2
ME,2
沟通协调,2
仪器仪表设备技术维修,2
Linux内核,2
农业,2
售前招投标,2
农业建筑,2
市场调研,2
混凝土外加剂,2
tcp,2
智能问答,2
反编译,2
大前端,2
数据平台架构,2
多开,2
光学平台,2
强电,2
大屏可视化,2
流程自动化,2
全国售后,2
结构,2
美容,2
Php,2
VPN,2
资料管理,2
游戏平台开发,2
DNN,2
工程机械维修,2
产品PPT,2
Okhttp,2
OCP,2
VOIP,2
电子工程,2
跨平台,2
NGS,2
pmo,1
stata,1
木门 技术 总监,1
质量管理,1
ERP实施工程师,1
PostgrSQL,1
网管,1
渲染管线,1
智能,1
交易策略,1
开发 应届,1
高新技术企业,1
Uni-app,1
电气结构设计,1
编辑器,1
电磁工程师,1
勤奋踏实,1
测试技巧,1
态度好,1
RT-Thread,1
猪场,1
ISP芯片,1
畅捷通,1
安防实施,1
Linux/Unix,1
宏站,1
桥梁施工,1
意外险,1
摄像,1
RPG游戏,1
视觉检测调试,1
通讯,1
stm,1
应用软件测试,1
红队,1
光伏电站,1
产品量产,1
信息收集,1
非标,1
环保测评,1
OC语言,1
射频传输,1
FA,1
工控,1
量化交易,1
智慧警务,1
餐厨,1
工程项目,1
语音听写,1
MonkeyRunner,1
工业自动化,1
充电桩售后服务,1
SIP,1
COCOS Crea,1
工艺整合,1
project,1
效度分析,1
电声,1
电商系统管理,1
数据接入,1
传输层/网络层,1
智能影音助理,1
新产品工程师,1
机械设计制造,1
3D图形,1
USB,1
生物技术,1
产品部署实施,1
数字IC验证,1
HBT,1
监工,1
项目需求分析；,1
MS SQL Server,1
门禁,1
售中客服,1
立结项管理,1
GP,1
visual basic,1
串口编程,1
IE,1
景观工程项目经理,1
电梯操作证,1
新客户开发,1
H3CIE证书,1
住宅地产,1
项目管控,1
camera,1
视觉软件,1
MEMS,1
故障分析师,1
智能工厂,1
NPM,1
机台测试,1
数模混合,1
统计,1
生物统计,1
SharePoint,1
政务服务,1
懂机械手编程,1
项目申报专员,1
信贷系统,1
工程管理、装修、设计,1
安全工具使用,1
VIO,1
模拟电路设计,1
能适应全国各地出差,1
淘宝运营,1
加班费,1
培训新人,1
javaScript,1
Protel AD,1
流程开发,1
android ndk,1
power BI,1
标准化,1
Python、辅导老师、课程设计,1
少儿编程,1
电气程序修改,1
塑胶,1
部署,1
招投标设计,1
战情,1
环境影响评价,1
期权股份,1
游戏测试主管,1
app逆向,1
sap bi,1
污水厂,1
工程技术知识,1
英语口语流利,1
C++ MFC QT,1
tms,1
合同管理,1
实验操作,1
数据审计,1
SAAS,1
物料管理,1
电磁场与微波技术,1
技术协议制定,1
品牌认证,1
竞赛,1
cocos creato,1
Orion,1
主机系统,1
客户沟通,1
Allegro,1
仪表仪器,1
门锁,1
cocosjs,1
二进制病毒,1
小程序H5,1
废气,1
新房销售,1
WebForm,1
Cocos Creator,1
抓取,1
3d,1
数据分析建模,1
VS,1
技工,1
数据库运维开发,1
图形技术组件,1
军事情报,1
管理员,1
WMS系统,1
软件研发过程,1
企业咨询,1
电脑维修,1
软件原型设计,1
电子电路，电子工程,1
PROTEL,1
机房设备调试,1
技术方案,1
宽带安装维护,1
售前技术支持，招投标,1
PBX,1
硬件组件,1
施工图画制，方案设计,1
售前技术咨询,1
ERP PLM CRM实施,1
供配电,1
PLSQL,1
天猫运营,1
现场服务,1
机修,1
二次开发,1
项目、物业,1
Cocos2DX,1
无人机行业应用服务,1
机械维修 售后维护,1
少儿,1
PKPM,1
自主创业,1
固定资产管理,1
协议运用,1
信号测试,1
光伏逆变器,1
逆变器,1
售前解决方案工程师,1
应用工程师，芯片,1
Bitcoin,1
合同,1
Polkadot,1
制冷,1
2D,1
售后技术员,1
golong,1
结构工程师,1
光设,1
UART,1
项目进度管理,1
进销存,1
CVD,1
行业专家,1
管理能力,1
MES工程师,1
按键精灵,1
收银软件,1
供应链系统,1
弹性工作制,1
revit设计协同,1
运维脚本编写,1
建筑智能,1
srm,1
HTTP 协议,1
耳机耳麦,1
kaldi,1
环境治理工程设计,1
机动车驾驶,1
碳化硅外延材料,1
urllib2,1
施工管理,1
软件研发,1
MES 工程师,1
弱电经验,1
研发助理 项目助理 BOM管理,1
ipfs,1
peotell,1
音响师,1
后台操作美工,1
电气 空调 售后 服务,1
空调维修,1
系统底层,1
单片机助理工程师,1
电磁兼容测试,1
展览陈列,1
现场实施,1
淘宝客服,1
视觉机器人,1
系统底层优化,1
西门子博图,1
环保工艺,1
模电,1
有耐心,1
AnalyticDB,1
证券从业资格证书,1
运营支撑工作,1
固定资产,1
恒温恒湿,1
免费工作餐,1
it,1
欧洲,1
云星空erp,1
RMS系统,1
Macleod,1
现场智能化,1
测序,1
装机技术,1
五金类研发设计,1
mac,1
ODI,1
网络安全审核,1
机器人编程序,1
C++、视觉软件开发,1
嵌入,1
物流软件,1
Unreal Eng,1
大牛带队,1
android的开发,1
运营总监,1
应用顾问,1
ISO9001,1
行政,1
线路勘察,1
电源开发,1
高压,1
振动控制,1
Boost,1
交叉编译,1
视觉几何,1
医疗软件产品工程化,1
elasticsearch,1
LINUX，,1
品质工程,1
MySQL数据库,1
研发系统管理,1
elementui,1
产品专员,1
LayaAir,1
平台,1
摄像机,1
数据测试,1
五金结构,1
URP,1
维修技术员,1
设备检测运维,1
硬件技术,1
C++开发工程师,1
安卓底层开发,1
销售助理,1
个人社保公司缴交,1
配方颗粒调配设备运维,1
无尘室,1
能适应出差,1
硬体设计,1
商品数据专员,1
vins,1
智能仓促,1
可靠性验证,1
plm ptc,1
Asp.net MVC,1
维修 驻场 FAE,1
调试 工程师,1
985,1
OBD,1
经验足,1
hive,1
编写环评报告,1
研发助理工程师,1
游戏推广,1
福利好,1
攻防演练,1
无线电技术,1
新品研发销售提成,1
Openlayers,1
jfinal,1
ECharts,1
Sql,1
RTSP,1
行业研究,1
管理软件,1
日常处置操作,1
财务信息化,1
传输线路设计,1
资深渗透工程师,1
人事,1
Android Framework,1
云星空,1
耐苦精神,1
客户代表,1
音视频技术,1
数字电路设计,1
设备设计,1
给水排水,1
产品运维,1
安全工具,1
It项目建设,1
游戏策划,1
内核调优,1
iostat,1
飞手主管,1
调试plc,1
在线客服,1
高级,1
机械 设备 液压,1
在线支持,1
音聘算法,1
HTC vive,1
天正建筑,1
账本存储,1
工程谈判,1
触控技术,1
数据 处理,1
图形渲染,1
熟悉PLC相关知识,1
ERP项目,1
电子专业,1
社区经理 行政管理,1
塑壳产品,1
Redis缓存,1
电气工程及其自动化、机械设计制造及其自动化、机电一体专业，技术工程师，机械工程师,1
云平台系统,1
拍摄,1
滑块,1
报价,1
捕鱼,1
医院,1
jmeter,1
复合,1
部门工作安排,1
政策咨询,1
跟进项目,1
php/go,1
新机种开案,1
微生物,1
楼宇智能化,1
Dedecms,1
xposed,1
Mesos,1
modbus,1
新产品开发,1
轨道交通,1
分布式存储,1
ATE,1
公安行业解决方案,1
政府补助,1
经营,1
假期多,1
销售工程师,1
window,1
"Arcgis,ENVI遥感软件",1
用户运营,1
WinForm,1
Unity3d,1
商业地产,1
淘宝天猫店铺,1
Git,1
设计开发调试,1
项目经理及总经理助理,1
洗车工,1
社交,1
嵌入式测试,1
雷达算法,1
配线,1
销售技术实施,1
ajax，,1
tracepro,1
AF,1
专利,1
供应链金融,1
临时下午茶,1
Egret,1
HR系统,1
前端 英语 制造企业,1
网络配置,1
客户维护,1
挖机维修,1
改良工艺,1
vb,1
PAs,1
UCOS,1
RPA,1
物理验证,1
实施交付,1
交易所,1
输出资料管理,1
wireshark,1
IM相关协议,1
适配器,1
测试数据分析,1
arm,1
金蝶系统 实施运维,1
.Net,1
游戏设计,1
汽车零配件,1
控制柜设计,1
优化,1
暖通空调,1
PCBA加工,1
锐化,1
智慧农业,1
接口自动化,1
Pcb,1
net,1
体外诊断试剂研发,1
新品导入管理,1
PCB LAYOUT,1
保护,1
数据服务,1
行销，销售，sale,1
设计师助理,1
亅T/T808/1078,1
人力资源,1
智慧渔业,1
金融行业,1
Linux驱动开发,1
云部署,1
PS域,1
LoRaWAN,1
液晶面板,1
电路板焊接,1
reactjs,1
UI组件,1
DTS,1
单元测试,1
电气设计工程师,1
项目上线,1
resin/tomcat,1
图像测试,1
机械设备技术,1
电性能测试,1
广播,1
安全评审,1
TMS,1
内网安全,1
院校合作,1
软件配置管理,1
项目工程,1
动力电池,1
英语熟练、汽车行业,1
钢结构,1
城管,1
熟练编写和执行SQL,1
财务系统,1
Unity开发,1
灯丝灯项目研发,1
大数据可视化分析,1
实施操作,1
Solidworks,1
项目资源使用,1
性别要求：女,1
GreenPlum,1
熟悉硅酮胶,1
设备工程师,1
工业视觉相机调试,1
Cocos Crea,1
宽带安装,1
线上推广,1
Http,1
C语言 KEIL IAR,1
模拟ic设计,1
SqlMap,1
机组故障,1
UPS,1
建筑装饰,1
非标自动化设计,1
软硬件一体自动化设备,1
岩土工程,1
AWVS,1
月休四天,1
GIS 数据处理,1
电气专业,1
声学,1
客户经营意识,1
财务管理,1
Bug定位和解决,1
弱电施工,1
freertos,1
伺服,1
维修设备,1
活性原料开发,1
OA运维,1
市场支持,1
销售经理,1
半导体设备搭建,1
信息系统,1
机械结构,1
自动系统操作,1
电子电路开发,1
土壤修复,1
不加班,1
cuda,1
社工,1
shell脚本,1
scikit-learn,1
IOT,1
HADOOP,1
安防经验,1
UNI,1
手动测试,1
热能与动力工程,1
在线比对验收,1
海外售前支持,1
通信系统,1
眼镜售后维修,1
Web测试技术,1
CF,1
剧情策划,1
边缘计算,1
器件仿真,1
beautifulsoup,1
AV系统,1
AWS,1
机器视觉调试,1
VAVE,1
VMware虚拟化,1
PPT汇报,1
Java/.NET,1
售后培训,1
OSC,1
重构,1
图形开发,1
施工员,1
组态软件,1
人力资源管理,1
智能交通,1
电源适配器电路设计,1
市场推广,1
建材行业,1
电力工程,1
高福利,1
销售培训,1
仿真,1
ORACLE、DB2、HIVE,1
jenkins,1
形象佳,1
软件支持,1
数据录入,1
fae,1
畜牧业,1
aws,1
工业工程,1
电气编程,1
nexus交换机,1
影像,1
iso27001,1
评测，组长，软件测试,1
学历项目政策,1
实习硬件工程师,1
环评工程师,1
maven,1
外教,1
出货检验,1
3D渲染,1
WPF开发,1
knockoutjs,1
zemax,1
脚本,1
控制策略,1
第一人称射击类,1
二次接线,1
灰泥天鹅绒,1
社区,1
文档管理,1
光学分析,1
数据助理,1
运维平台开发,1
外审,1
电子产品维修,1
办公用品管理,1
笔记识别,1
Quartus II,1
火车头 采集,1
COM,1
无线通信工程师,1
有经验,1
水样监测,1
二开,1
懂制冷原理,1
镜头,1
Powercenter,1
LED显示屏技术,1
CS,1
视频处理,1
智慧水务,1
LCD液晶拼接屏,1
地图制图 gis,1
应用面,1
机械设备项目,1
Nosql,1
企业管理咨询,1
LAMP,1
舞台搭建,1
环评上岗证,1
验配,1
RHCSA,1
IPOS,1
环评技术员,1
人文城乡规划,1
APP安卓开发,1
软件项目经理,1
HTML、JAVASCR,1
IT运维,1
核心网规划,1
解密,1
SDK测试,1
液晶,1
智能家居经验,1
模拟经营,1
注塑、电子组装、软件、实施,1
3D项目开发,1
PROE,1
用户调研,1
lucidshape,1
维修保养,1
array,1
OPEN GL,1
解答客户,1
Swif,1
热线支持,1
SIGE,1
运动人体科学,1
cairo,1
电器安装和维护,1
三菱,1
样品分析,1
CMMI,1
智慧场馆,1
系统项目,1
Fresco,1
IT网管员\安全信息,1
power bi,1
fine Bi,1
openCV,1
PB,1
全站仪RTK,1
政府资金项目,1
业务分析,1
电子数据分析,1
非标自动化,1
GPU架构,1
员工福利,1
上位机 下位机,1
文科领域,1
Premiere,1
推荐系统,1
智能手表,1
加油站,1
electron,1
语音合成,1
测试电气工程师,1
清算,1
设备,1
DCC,1
系统全链路治理,1
Glide、okht,1
Discover,1
镜片,1
ATT&CK,1
框架,1
react-native,1
白蚁防治,1
Smartbi,1
工程助理,1
商标,1
Dart,1
msp,1
智慧社区,1
有限元分析,1
视觉项目,1
熟悉自动化行业的项目,1
一级建造师,1
ETL设计,1
工程业务,1
成长管理,1
技术推广,1
机械维修,1
幕墙工程,1
设备运维保障,1
coco-JS,1
销售达成,1
Dtu,1
空调软件设计,1
画质,1
迭代,1
SMT设备技术员,1
社群运营,1
k8s,1
串口、硬件SDK开发,1
运维技术支持,1
蓝牙协议,1
pyhton,1
SAAS产品,1
Wap,1
线路维护,1
HTML/XHTML,1
TV系统,1
科技项目管理,1
内审,1
治具设计,1
NETCORE,1
PCR,1
JavaScript,1
工程设计,1
研发设计团队管理,1
业务对接,1
拥抱变化心态,1
有害生物防治,1
layui,1
银行贸易融资业务,1
信贷测试,1
PCB设计或制造,1
性格外向,1
C++，STM32，QT，嵌入式Linux，TCP/IP,1
wordpress,1
监控设备维护,1
整合工程师,1
ebs,1
安装调试工程师,1
Azkaban,1
数据模型建模,1
"研发,研究院,改性材料,高分子材料",1
财务系统管理,1
特种印刷类,1
嵌入式软件,1
精益,1
钻孔技术,1
品牌运营,1
select,1
医学图像配准,1
WiFi,1
结构设计、模具设计、材料工程,1
Cocos2dx,1
内网渗透,1
图像配准,1
建设机房经验,1
补贴多,1
perf,1
高分子专业,1
Android App,1
淘宝天猫运营,1
日志分析,1
在线分析仪,1
美术助理,1
调试安装 售后服务,1
Ant design,1
技术研发工程师,1
基础架构,1
主板维修,1
udp,1
PBR管线,1
绘制电气原理图,1
项目辅助,1
软件架构,1
社交媒体,1
实验室技术员 装配工,1
设备维修，技术支持,1
外企福利,1
边缘识别,1
网络技术,1
少儿编程老师,1
游戏、,1
保全,1
MQTT,1
消防车,1
游戏SDK,1
月休4天,1
海外售前,1
游戏前端,1
仓储物流,1
pbc;程序编写,1
cell,1
建筑，项目经理施工员,1
抛光打蜡,1
全职，收货，货物清点,1
物流设备,1
净化器,1
引擎研发,1
汽车服务,1
CISCO,1
电子组件,1
bom,1
仓储系统,1
思爱普,1
驻点,1
数据设计,1
灯光师,1
装修工程管理,1
信息化开发,1
AndroidNDK,1
issue,1
Orade,1
选矿分析师,1
VxWorks,1
AS,1
mqtt,1
表格,1
地图定制开发,1
发射机,1
软件项目开发,1
用户层,1
Python辅导老师,1
h3cse,1
LED封装,1
端游爱好者,1
cortex-M3,1
现场施工经验,1
年龄18岁以上,1
机械设备维修,1
公众号撰写,1
系统培训,1
客服工程师,1
竞价,1
网络安全测试,1
发泡,1
音效调试,1
产品实施,1
资产平台,1
产品说明书,1
多线程 分布式系统,1
太阳能光伏,1
imu,1
员工培训,1
房补,1
业务拓展,1
室内覆盖,1
项目管理，pmo,1
电磁场,1
噪声控制,1
文案写作,1
企业管理,1
容灾备份系统,1
视觉,1
布局布线,1
汽车零部件,1
六险,1
SAP MM,1
公关活动管理,1
ucos，freeR,1
技术美术,1
售后主管、汽车配件,1
redux,1
软件系统测试,1
N2,1
软件质量管理,1
安川机器人调机,1
电子电路故障检测维修,1
电气技术员,1
施工图设计,1
电气自动化,1
资金、ERP,1
layabox,1
cocos-2dx,1
AE,1
弱电，计算机,1
定制家具 研发,1
外观检验,1
国际关系,1
园林垃圾,1
PYTHON,1
LED照明,1
NPI测试,1
C sharp,1
Voip,1
avatar,1
okhttp、eve,1
医疗软件实施,1
(risk ramp,1
产品安装,1
室内空气治理,1
Salesforce,1
投标文件制作,1
工艺流程,1
helpdesk,1
"电子工程师, 半导体，通信，软件，计算机，电气，研发，专利工程师，科研管理，211,985，专利撰写，技术交底，规避设计，专利检索和分析",1
智能窗帘,1
监控维护,1
After Effect,1
客户技术支持,1
电话回访,1
模式识别,1
幕墙,1
跟进bug,1
插件开发,1
案场销售,1
分光编带,1
节日福利,1
部署模型,1
销售管理,1
八小时工作制,1
LED外延芯片,1
本科,1
DLP背投拼接大屏,1
NHibernate,1
实验助理,1
调试培训,1
投标文件,1
channel,1
PLC编程,1
弹性上班时间,1
售后运维,1
SIP相关协议,1
渲染器,1
emr,1
审计,1
cogonos,1
项目申报、招投标,1
互联网行业,1
助理，后勤,1
渠道,1
UI自动化,1
设备工程,1
光学工程,1
行政助理,1
仓储平台,1
QlikView,1
机械振动原理,1
化学化工,1
Arcgis;ENVI地信软件,1
认证,1
IoT,1
游戏后端,1
视觉定位,1
CAM,1
工艺开发,1
中级,1
C++/python,1
业务,1
材料学,1
SAP bw,1
家具客服售后,1
fico顾问,1
良率,1
smt,1
协同管理软件,1
内核网络,1
家具安装,1
智能锁研发,1
技术合伙人,1
易上手,1
周末双休,1
资料员,1
存储过程，触发器,1
数字化平台建设,1
图像编程,1
项目服务专员,1
装配,1
检测,1
科技申报,1
实施人员,1
试验,1
电脑硬件知识,1
抓包工具,1
Windows自动化,1
单片机开发工程师,1
RTL设计,1
iOS开发工程师,1
责任心强,1
数码打印类,1
BMS,1
软件培训,1
相机系统、光学系统,1
项目实施辅导,1
有住宿,1
Webapi,1
流程,1
公关活动,1
IEC 61508,1
SCDN,1
电气相关专业,1
智慧工程,1
电源板电路,1
物流自动化,1
UE4引擎渲染,1
培训助理,1
流体,1
安全运营,1
技术专员,1
技术服务工程师,1
LDO,1
APP项目,1
生活垃圾,1
小学教育,1
采购系统,1
拍照,1
高温补贴,1
object-c,1
生态,1
调制,1
矿山水处理,1
户外,1
系统管理,1
Python工程师、,1
基站工程师,1
生产执行系统,1
化学技术应用,1
文案策划,1
财务培训,1
MVP框架,1
PHP开源框架,1
文档整理,1
erp客服,1
懂CAD,1
安全漏洞挖掘,1
游戏经验,1
建筑环境与能源应用工程,1
项目沟通,1
电源设计,1
ECN的整理,1
plm,1
苹果,1
行研报告,1
光缆熔接,1
emc,1
电气工程,1
协议,1
MINi LED 芯片研发,1
测试组长,1
低压电器元件,1
架构规划,1
U3D，UE4,1
SEM,1
ICT,1
nginx、,1
IOT应用,1
安防技术员,1
cordova,1
Access,1
音视频设计师、,1
建造师,1
SCO设计 数字设计 FPGA工程师 Verilog 仿真工具 前端设计工具 设计流程,1
SOC,1
互联网医药,1
效能提升,1
Hyperledger Fabric,1
科技项目,1
教育玩具,1
sql server,1
供应链金融业务,1
keil,1
Report,1
业务助理,1
熟悉264标准,1
H3CSE证书,1
PROE、CAD,1
JAVA测试,1
工程,1
UVM,1
车载电子,1
英语六级,1
PIE,1
ISO 26262,1
能源与动力工程,1
EMC认证,1
文档格式解析,1
Hybrid-H5,1
candance,1
生物信息分析,1
车辆通信,1
等保三级,1
光传输,1
市场开发 产品测试,1
电脑操作,1
办公设备维护,1
CTF,1
电脑故障诊断,1
ITSM系统,1
xianzi,1
Jquery,1
注册安全工程师,1
过程改进,1
数据汇总,1
MAYA,1
财务数据整理,1
环保 项目经理,1
GS域,1
军工,1
业务钻研精神,1
PMP certified,1
渗透技术,1
微信,1
系统策划,1
项目抽成,1
it远程客服,1
keras,1
弱电设计,1
人力,1
软件实施培训服务,1
计算机硬件,1
linux网络编程,1
品管,1
stuts,1
卫浴、技术、开发,1
物理学,1
DCDN,1
http,1
Light Tools,1
erp实施,1
项目执行落地,1
5年以上经验,1
mcu,1
储能,1
机械自动化,1
推理框架,1
机械项目,1
沟通,1
电话客服,1
系统软件实施,1
继保,1
技术总工程师,1
Nas文件共享系统,1
售前需求分析,1
统计日报,1
苹果店,1
变电站,1
故障分析,1
WMS仓库,1
halcon算法,1
测绘工程,1
产前解决方案；,1
养老服务,1
信息系统集成,1
htc vive,1
基础光学,1
VUE.JS,1
.net开发工程师,1
虚拟化技术,1
java全栈,1
系统设计与开发,1
电商运营,1
LED售后服务,1
M3,1
echarts,1
商务英语,1
Unity3D 客户,1
交易平台,1
SAAS产品开发,1
LNAs,1
asp.net core,1
棋牌,1
服务端开发工程师,1
关键词,1
TPV TV/DT,1
资产管理,1
理科,1
功能安全,1
系统软件测试,1
展锐,1
汽车美容,1
技术转产,1
Code Review,1
基站管理,1
方案顾问,1
文书撰写,1
漏洞研究,1
前端 SDK 开发,1
运营平台,1
材料相关专业,1
互联互通,1
会闽南语,1
板式热交换,1
AUTOCAD,1
系统重装,1
打印机维修,1
维度建模,1
商务技术,1
大客户代表,1
折边,1
review,1
电磁继电器,1
操作审计,1
降噪,1
业务后台系统,1
3D打印,1
U3D客户端,1
射频电路设计,1
信息流广告,1
产品使用培训,1
IT项目经理,1
较好文字功底,1
three js,1
CST,1
食品加工，酥饼研发,1
新品研发测试,1
QE工程师、质量工程,1
Requirejs,1
Typescript,1
开发技术,1
GIS数据制作,1
压力小,1
四害消杀,1
计算广告,1
客户分析,1
养成类游戏,1
医疗检验设备售后服务,1
数据库构建,1
工作环境舒适,1
App,1
",redis",1
工程车辆,1
多核异构,1
测试文档,1
项目社工,1
工业可视化,1
兼职,1
WMS MES BI SRM,1
统筹能力,1
开发小游戏,1
阿里云,1
光芯片,1
标书编制,1
管廊施工,1
ANDROID,1
应用层,1
react native,1
Bandgap,1
PROTEL99,1
售前售后,1
加湿器,1
KVD TESTER,1
函数,1
一户一表,1
基金,1
点云,1
tcp/ip,1
workerman,1
项目跟踪,1
计量,1
IPC,1
数据统计记录,1
计划物流,1
Retrofit,1
Node / V8,1
大市场,1
北京,1
Qt,1
波峰焊 SPI AOI SMT,1
AS400,1
模型优化,1
策划活动,1
laya程序,1
laya-air,1
系统迁移经验,1
二次元,1
返利程序设计,1
GRE,1
网络通讯,1
kafka,1
线下推广,1
消防,1
光学成像,1
智能化项目方案,1
3D打印技术员,1
VC,1
仓储物流系统,1
积极主动,1
安防行业经验,1
土建工程,1
openvas,1
风险类,1
高压证,1
Qt开发,1
资产负债管理,1
Nfs,1
文档编制,1
现场技术支持FAE,1
数据管理,1
爬虫架构,1
网络架构,1
售后客服,1
项目工程实施,1
产品研究,1
产品治工具设计,1
SDL,1
建筑工程,1
档案整理数字化加工,1
dephi,1
售前技术经理,1
支付申请,1
游戏工作室,1
故障诊断,1
magento2,1
GPIO,1
芯片封测运营主管,1
SolidWork,1
技术员，环评,1
PSPICE,1
pacs,1
样品,1
测试用例,1
英文听写,1
企业信息系统,1
稳定性验证,1
安全加固,1
Supermap,1
标书整理,1
电磁兼容性,1
Halcon、Visionpro,1
市政项目,1
安装设备，调试机器,1
生信,1
spring mvc,1
H265,1
verilog,1
python网络爬虫,1
选型,1
软硬件研发,1
网络分析,1
smali,1
放大器,1
ETL数据处理,1
项目分析 项目管理,1
Squid,1
Ruby,1
银行网申渠道项目经理,1
项目管理，PM,1
Elecworks,1
three.js,1
cdn,1
客诉,1
运维架构设计,1
eHR,1
消防报警,1
行业解决方案,1
as3,1
水管售后服务,1
现场对接,1
LED封装行业经验,1
ebpf,1
一级注册消防,1
网络故障排除,1
实验室管理,1
游戏研发,1
MVC&MVP,1
建筑机电工程师,1
LED驱动,1
51嵌入式,1
专利代理,1
产品开发全流程,1
新机种导入,1
RequireJS,1
WEB端,1
普工,1
社会学,1
net code,1
Class-D,1
项目开发模块,1
客诉处理,1
Ollvm,1
模型搭建,1
人工智能 安防监控,1
在线教育,1
食品,1
继电保护,1
卷绕,1
ui,1
空调，除湿机，新风机，开发,1
全志,1
SDWAN,1
NoSQL/SQL,1
售前售后技术支持,1
winform,1
食品环境化学,1
MMORPG,1
dubbo,1
电子/电路维修,1
照明设计师,1
BSP开发,1
Uboot,1
项目经理 采购 研发,1
建筑电气,1
餐补,1
解决方案架构师,1
嵌入式软件工程师,1
RxJava,1
蜂铃,1
设备维修保养,1
交付助理,1
新产品研发测试,1
IOS测试,1
电力物联网,1
需求分析师,1
LED，封装，器件,1
Server,1
招聘,1
unix,1
供应链金融系统,1
人物处理,1
智能化系统集成,1
新产品开发导入,1
软件开发 软件工程师,1
BIM软件开发,1
线路板设计,1
工业,1
DDR4,1
通信产品,1
安装售后经理,1
PP,1
电力设计,1
游戏试玩,1
调试工程师,1
AWB,1
自动化码头,1
法务,1
家具定制,1
cmdb,1
会使用Allegro软件,1
硬件工程师助理,1
技术经理 技术总监,1
slam,1
PCB layout,1
用友、金蝶、财务,1
政府项目补助,1
实验室,1
体系 项目管理,1
资源适配,1
协调员,1
Rhapsody,1
办公设备维修,1
数通工程师,1
IATF16949,1
unity3b,1
娴熟PS修图,1
商务对接,1
bigcommerc,1
RN,1
隔墙,1
机加工,1
雷达信号处理,1
招商,1
食堂管理,1
呼叫中心,1
Genesis,1
门店管理系统,1
内核裁减,1
ISP算法,1
维修工程师,1
婚礼花艺,1
银行业培训,1
银企直连,1
口齿清晰,1
外设驱动,1
电性硬件测试,1
电气设计(学徒),1
mstar,1
微网,1
调研分析,1
皮肤,1
公检法,1
生产项目管理,1
ISO27001,1
cocos2d-sj,1
电话服务,1
强化学习,1
项目管理 大客户,1
教育信息化,1
LED封装用支架,1
steam,1
自动化导入,1
lpc,1
新闻学,1
fico,1
账务分析,1
java5年以上,1
iOS代码混淆,1
安全开发,1
SDN技术,1
MM,1
Restful,1
postman,1
机关运维,1
数电,1
现场安装,1
电力设备,1
vue组件,1
调塑胶颜,1
EAP系统,1
公共安全,1
HCNP,1
广告学,1
有维修汽车1-3年经验,1
智能马桶盖,1
AV1,1
测试方案编写,1
餐饮,1
工程资料,1
PDM，技术经理 ，PLM，项目经理，售前技术，,1
软件基础,1
太阳能发电,1
技术助理,1
电子维修,1
售前售后一体门店,1
游戏前端 cocos,1
招标代理,1
CAD制图,1
弹性工作时间,1
AI系统,1
置业顾问,1
gitlab,1
电子标签,1
Bootloader,1
jira,1
绘图,1
产品需求文档,1
Donet,1
FEKO,1
GDI,1
零售管理,1
遥感卫星数据处理,1
NumPy,1
项目助理工程师,1
workday,1
EG PROBER,1
视频流转码,1
器件验证,1
资料收集,1
电子安装,1
交通工程,1
技术文档,1
招标投标,1
BurpSuite,1
海外技术支持,1
产品制程,1
试险,1
跨境,1
分析,1
医保信息化平台,1
管理体系,1
/C++,1
pcb制图,1
UE4视频,1
TD交互编程,1
电子信息,1
研发流程管理,1
智慧停车,1
FPC工艺生产流程,1
分布式架构,1
远程支持,1
项目统筹,1
完成过飞行任务,1
虚拟化系统,1
u3d开发,1
复印机维修工程师,1
RF,1
资产平台开发,1
培训 讲师 教育 美工,1
ISV,1
部署系统研发,1
光器件,1
mtsql,1
网页开发,1
BMS工程师,1
环保 技术研发,1
三用电表,1
Python/Go,1
JAVA编程,1
静载负责人,1
AIOps,1
丝印,1
金蝶系信息系统,1
运维标准化,1
C/C++/Matlab,1
具备电工证,1
3DMax,1
生产技术员,1
QT界面,1
MYSQL,1
AOI测试,1
酒店网络,1
ccie,1
珠宝产品视频,1
SiGe,1
swift模块,1
自动化脚本,1
教学教研,1
ffmpeg,1
BI系统,1
Cloud,1
团队助理,1
untiy,1
pmp,1
证券,1
lu a,1
通信工程,1
医药健康,1
电池管理系统硬件开发,1
Form,1
嵌入式软件测试,1
MVC框架,1
it服务台,1
安卓逆向,1
客户成功部,1
SEO技术,1
质量效能,1
Unity3D引擎,1
网络信息安全,1
分布式网络协议栈,1
售后系统,1
异常排除,1
建筑机电设计,1
QTP,1
弹性工作,1
数字资产,1
社交IM,1
springclou,1
质量保证,1
研发平台,1
小游戏程序,1
手游开发,1
政策解读,1
花束礼盒,1
QQ服务,1
运动算法,1
文字写作能力,1
半导体外延材料,1
绩效奖金,1
Puppet,1
流程梳理,1
processing,1
低压系统设计,1
图谱,1
暖通自控技术,1
攻防对抗,1
测试脚本,1
通信监理/督导,1
国际结算,1
AS3,1
执行经验,1
消费类电子,1
EPMS,1
后台产品,1
行政证照,1
C＋＋,1
智能控制产品开发,1
K3,1
流动性风险,1
网络技术，主机，存储,1
实验室测试,1
orb,1
EHR系统,1
项目实施跟踪落地,1
等保测评,1
智能化信息化,1
TracePro,1
自我提升,1
电子机械,1
node,1
环境监测,1
视觉相机,1
仓储系统管理,1
上市公司,1
给排水工程,1
蓝牙WIFI开发,1
app架构设计,1
资料整合,1
维护客户,1
业务需求培训,1
演唱会设备,1
短信,1
实施验收,1
腾讯地图,1
竞品分析,1
sip,1
存储网络系统,1
百度地图,1
H264,1
Swoole,1
不间断电源,1
新闻门户,1
技术工程师,1
cisco,1
翻译服务,1
网络系统,1
C/C++、,1
运输系统,1
ROM,1
FTU,1
资产负债,1
障碍物检测,1
结构助理,1
lighttools,1
信用数据,1
专利代理人,1
新产品的研发、测试,1
JBoss,1
Ceph,1
mvvm runti,1
移动互联网,1
汇流箱,1
欢迎优秀应届生,1
微波技术,1
资料开发,1
光学测试,1
实验测试,1
环境主管,1
政策辅导,1
SMT组装,1
远程技术支持,1
工程合同,1
调色,1
光纤传感,1
芯片运营,1
射频调试,1
文字识别,1
箱变,1
花艺制作,1
装饰营造,1
脚本开发,1
高新产业,1
环境工程 环境科学,1
商务渠道,1
配电设计,1
vr,1
高新项目主管,1
高新技术,1
ios自动化,1
光学镀膜,1
策划,1
算法应用,1
叉车维修工,1
ESB,1
后台数据库的设计,1
国防,1
消防工程师,1
MySql,1
软件助理工程师,1
Filter,1
需求验证,1
电脑维护,1
Bugfree,1
ros,1
售后技术支持·,1
PCBA,1
车型协议,1
"MySql,",1
硬件设计,1
量化交易系统,1
TP、laravel,1
组件化,1
质检,1
Android系统,1
厨余,1
智能化工程师,1
GNU,1
机房,1
皮肤管理,1
工程设备,1
Cocos2d,1
售前，,1
yii,1
芯片封测,1
Corona,1
外网渗透,1
维修学徒,1
C++/Java,1
模具项目,1
测试工具,1
发电,1
面板测试,1
LED封装产品研发,1
工程助理 设计助理,1
sqlmap,1
高压操作,1
密室逃脱,1
RTMP,1
mod,1
ITIL,1
硬件设备,1
建筑,1
JQuey,1
软件企业,1
分布式存储系统Cep,1
云计算架构师,1
有电工证,1
LabVIEW,1
漏洞分析和修复,1
sdk接入,1
开车,1
体外诊断,1
声学仿真,1
管培生,1
中央空调制冷设备,1
RobotFramework,1
宏站设计,1
助听器,1
工资高,1
Arduino,1
协调能力,1
部署系统,1
ERP实施顾问,1
容器,1
美术项目管理,1
技术营销,1
nodejs服务框架,1
VR算法,1
数据员,1
电气软件开发,1
SMT,1
Pinus,1
航天航空，遥感卫星,1
Mac开发,1
售前售后工程师,1
声学工程师,1
电力配网产品应用,1
程序,1
橡胶开发,1
二级建造师,1
客户支持,1
有团队精神,1
协调工作,1
投影系统,1
模具工程师,1
停车系统,1
小游戏开发,1
Mason,1
表面检测,1
黑盒,1
服务运营,1
质量工程师,1
考核验收,1
电气设备,1
控制板电源开发高级工程师,1
公文稿件,1
CDR,1
大数据，工程数据分析,1
勘察,1
大数据组件,1
拍摄珠宝图片,1
Synopsys,1
维修电气工程师,1
通信系统集成,1
CMDB,1
H264/H265,1
tcp/ip协议,1
电气设备调试,1
行政采购,1
厦门大学张洪良课题组,1
API测试,1
PE,1
电脑打字快,1
嵌入式系统研发,1
电气试验,1
封装,1
工程师助理,1
稽核,1
gis开发,1
vlan,1
高企,1
格斗游戏,1
工艺优化,1
安防技术工程师,1
LCR电桥,1
产品开发管理,1
管理/组长,1
教育软件服务,1
医药,1
钢结构无损检测,1
节水型城市创建,1
美发,1
HCNP、H3CSE,1
发型设计,1
空调，除湿机，小家电，新风机,1
环保验收,1
运动训练,1
电气项目,1
PHP语言,1
照明工程,1
webservice开发,1
MMO,1
CAP/ADID,1
软著,1
材质,1
滤镜,1
客户管理,1
运营经理,1
CentOS,1
电磁,1
Altium designer,1
入河排污口设置论证,1
消费金融系统,1
电子维修，技术，物料,1
月休六天,1
销售内勤,1
WPF框架,1
PC,1
搬运工,1
地图,1
智能马桶研发,1
环保工程师,1
阀门研发,1
HANA数据建模,1
餐厨垃圾处理,1
轮胎,1
雷达方案,1
网络排错,1
新产品,1
LVS,1
企业调研,1
video,1
银行金融业务,1
Appscan,1
Pomelo,1
医疗信息系统,1
SLG游戏,1
Web开发,1
节假日加班费,1
模拟类角色扮演,1
数据敏感度,1
室分,1
flink,1
售后对接,1
Centos,1
背光模组,1
品检,1
懂电,1
项目需求分析,1
中压成套设备,1
考勤系统,1
高分子,1
unity3D,1
Symfony,1
百胜E3,1
项目AE,1
风机运维,1
GIS数据处理,1
医疗设备,1
二代测序,1
svg,1
物料清单,1
医疗器械研发,1
机柜,1
政府采购,1
项目跟进实施,1
淘宝天猫,1
HTML5.0,1
视觉系统,1
工程项目管理,1
阀门,1
汽车维修高级技师,1
智能项目,1
通信维护,1
新零售,1
厂建经验,1
家电产品开发,1
性能调优,1
LCM,1
Prometheus,1
装饰项目经理,1
程序搭建,1
无线设计,1
智造,1
谈判沟通,1
cocoapods,1
QA,1
计算机视觉，图像处理,1
开发测试,1
项目策划,1
Openstack,1
itil,1
Zemax,1
BPM,1
材料整理,1
铁塔,1
地编,1
